greenness degree,cleanliness degree,crowdedness degree,noisy degree,skin feeling degree,stress degree,personal aqi degree,safety degree,hum,tem,uv,part_of_day_Afternoon,part_of_day_Evening,part_of_day_Morning,Not rush hour,Rush hour,distance_to_airport,num_people,num_motorcycles,num_cars,rms_contrast
2.0,2.0,4.0,4.0,1.0,1.0,1.0,1.0,63.0,40.0,0.0,1.0,0.0,0.0,1.0,0.0,4.715755772923994,5,4,2,66.64972275197903
3.0,3.0,4.0,4.0,3.0,3.0,3.0,3.0,67.0,32.0,0.0,0.0,0.0,1.0,0.0,1.0,4.311316225966489,9,5,2,59.75790399824571
4.0,4.0,5.0,5.0,4.0,4.0,3.0,4.0,91.0,31.0,0.0,0.0,1.0,0.0,0.0,1.0,4.839458770895119,14,6,0,63.035896886597754
2.0,3.0,5.0,5.0,4.0,4.0,3.0,4.0,91.0,32.0,0.0,0.0,1.0,0.0,0.0,1.0,2.599931392339044,8,6,1,66.39910363572474
3.0,3.0,4.0,4.0,4.0,3.0,3.0,3.0,42.0,32.0,0.0,0.0,1.0,0.0,0.0,1.0,2.8237396544475883,8,6,2,69.64252293913694
3.0,3.0,4.0,4.0,2.0,3.0,2.0,2.0,58.0,39.0,0.0,1.0,0.0,0.0,1.0,0.0,4.4542912010336035,5,0,3,73.16220839299872
4.0,3.0,4.0,4.0,3.0,3.0,3.0,3.0,64.0,38.0,0.0,1.0,0.0,0.0,1.0,0.0,4.810934773965268,7,3,1,65.00746543755065
2.0,3.0,4.0,4.0,3.0,3.0,3.0,3.0,81.0,34.0,0.0,0.0,1.0,0.0,0.0,1.0,2.396681937392536,8,4,0,73.48913067107362
2.0,3.0,2.0,2.0,4.0,4.0,4.0,4.0,85.0,30.0,0.0,0.0,0.0,1.0,0.0,1.0,3.400195833711558,7,3,0,66.49188021952703
2.0,2.0,4.0,4.0,2.0,2.0,2.0,2.0,64.0,38.0,0.0,1.0,0.0,0.0,1.0,0.0,2.8261789310410412,9,2,4,56.716687027995825
3.0,4.0,3.0,3.0,4.0,4.0,4.0,4.0,67.0,32.0,0.0,0.0,0.0,1.0,0.0,1.0,5.225498068981291,3,4,3,64.2040242712852
3.0,3.0,3.0,3.0,3.0,3.0,3.0,3.0,51.0,42.0,0.0,1.0,0.0,0.0,1.0,0.0,4.4542912010336035,1,1,0,54.737427361913284
2.0,2.0,5.0,5.0,2.0,2.0,4.0,2.0,51.0,42.0,1.0,1.0,0.0,0.0,1.0,0.0,2.5528369548051204,6,4,6,54.54170894703271
3.0,3.0,5.0,5.0,3.0,3.0,3.0,3.0,76.0,34.0,0.0,0.0,0.0,1.0,0.0,1.0,2.4483142457854457,7,4,1,60.55063588379171
1.0,1.0,3.0,3.0,1.0,2.0,2.0,1.0,59.0,37.0,0.0,1.0,0.0,0.0,1.0,0.0,4.832087982081858,0,0,2,60.04731923290517
2.0,2.0,4.0,4.0,3.0,3.0,3.0,3.0,67.0,37.0,0.0,1.0,0.0,0.0,1.0,0.0,2.2665899613387137,1,1,5,64.13417172574911
2.0,3.0,5.0,5.0,4.0,3.0,3.0,4.0,63.0,33.0,0.0,0.0,1.0,0.0,0.0,1.0,2.2325097531474354,8,7,2,76.51707917168501
2.0,2.0,2.0,3.0,2.0,2.0,2.0,2.0,77.0,39.0,0.0,1.0,0.0,0.0,1.0,0.0,2.614029457958729,1,0,1,55.37323985467805
5.0,4.0,4.0,4.0,5.0,5.0,4.0,4.0,80.0,30.0,0.0,0.0,0.0,1.0,0.0,1.0,2.2254656657939043,9,10,1,75.58144732824681
3.0,4.0,5.0,5.0,5.0,4.0,4.0,4.0,74.0,31.0,0.0,0.0,1.0,0.0,0.0,1.0,2.7812551314265765,2,1,8,74.79521402048233
1.0,2.0,3.0,3.0,3.0,3.0,3.0,3.0,59.0,36.0,0.0,1.0,0.0,0.0,1.0,0.0,4.8259398802743165,7,3,1,60.334940744775174
1.0,3.0,4.0,4.0,3.0,3.0,4.0,3.0,72.0,31.0,0.0,0.0,1.0,0.0,0.0,1.0,4.802869606416861,8,11,3,79.22984004197151
1.0,2.0,4.0,4.0,4.0,4.0,4.0,4.0,74.0,30.0,0.0,0.0,0.0,1.0,0.0,1.0,3.4089937910125205,8,7,0,67.958457157991
1.0,2.0,3.0,3.0,2.0,2.0,4.0,2.0,76.0,37.0,0.0,1.0,0.0,0.0,1.0,0.0,4.656438270009697,5,5,0,61.15309427904485
2.0,3.0,4.0,4.0,2.0,2.0,2.0,2.0,61.0,39.0,1.0,0.0,0.0,1.0,1.0,0.0,2.3965662184675907,12,8,0,64.92684360356219
3.0,3.0,5.0,5.0,3.0,3.0,3.0,3.0,69.0,32.0,0.0,0.0,0.0,1.0,0.0,1.0,2.4483142457854457,4,3,1,74.56641348111734
4.0,3.0,5.0,5.0,2.0,2.0,4.0,2.0,34.0,40.0,0.0,1.0,0.0,0.0,1.0,0.0,2.5528369548051204,3,6,4,53.39391572832095
2.0,2.0,2.0,3.0,2.0,2.0,2.0,2.0,66.0,36.0,0.0,1.0,0.0,0.0,1.0,0.0,4.832087982081858,2,4,1,66.77740713756745
2.0,3.0,3.0,3.0,2.0,2.0,4.0,2.0,75.0,41.0,1.0,1.0,0.0,0.0,1.0,0.0,4.7285630203567335,6,7,0,59.57614018786828
2.0,3.0,4.0,3.0,3.0,3.0,3.0,2.0,82.0,27.0,0.0,0.0,0.0,1.0,0.0,1.0,4.198610290901764,8,5,0,82.51699037343678
4.0,3.0,5.0,5.0,4.0,4.0,3.0,3.0,72.0,31.0,0.0,0.0,1.0,0.0,0.0,1.0,4.802869606416861,11,3,4,68.94007242511631
2.0,2.0,3.0,3.0,2.0,2.0,2.0,2.0,53.0,44.0,0.0,1.0,0.0,0.0,1.0,0.0,2.8359250839108663,2,2,2,52.22160914611347
1.0,3.0,4.0,4.0,4.0,4.0,4.0,4.0,73.0,32.0,0.0,0.0,1.0,0.0,0.0,1.0,2.7791099888271966,8,7,2,68.20640437100347
2.0,2.0,5.0,5.0,4.0,3.0,2.0,3.0,86.0,32.0,0.0,0.0,0.0,1.0,0.0,1.0,2.6858064801412755,8,10,3,61.844330881975814
2.0,3.0,5.0,4.0,4.0,4.0,4.0,4.0,79.0,31.0,0.0,0.0,1.0,0.0,0.0,1.0,5.169942873189839,13,6,0,72.8122266458389
1.0,2.0,4.0,4.0,4.0,3.0,3.0,3.0,99.0,30.0,0.0,0.0,0.0,1.0,0.0,1.0,5.218414939998898,10,10,1,61.849425350125244
3.0,4.0,2.0,2.0,4.0,4.0,4.0,4.0,91.0,32.0,0.0,0.0,1.0,0.0,0.0,1.0,1.8260832463959416,4,7,2,76.39945404025349
2.0,2.0,4.0,4.0,2.0,2.0,2.0,2.0,60.0,43.0,0.0,1.0,0.0,0.0,1.0,0.0,2.8359250839108663,12,9,2,66.26134486371285
2.0,3.0,3.0,3.0,4.0,4.0,4.0,4.0,85.0,29.0,0.0,0.0,0.0,1.0,0.0,1.0,1.7942608634518116,12,10,1,76.28338413471313
3.0,3.0,4.0,4.0,3.0,3.0,3.0,3.0,67.0,32.0,0.0,0.0,0.0,1.0,0.0,1.0,4.311316225966489,8,5,2,59.79709179102049
2.0,3.0,4.0,4.0,2.0,2.0,4.0,2.0,79.0,38.0,0.0,1.0,0.0,0.0,1.0,0.0,4.7285630203567335,4,6,1,66.38802588054347
2.0,3.0,4.0,4.0,4.0,4.0,3.0,4.0,71.0,31.0,0.0,0.0,1.0,0.0,0.0,1.0,4.802869606416861,12,8,1,78.11146356181064
2.0,2.0,5.0,5.0,2.0,2.0,4.0,3.0,33.0,41.0,0.0,1.0,0.0,0.0,1.0,0.0,2.5528369548051204,8,9,1,57.34793540530162
4.0,4.0,2.0,2.0,4.0,4.0,4.0,4.0,86.0,29.0,0.0,0.0,0.0,1.0,0.0,1.0,4.190769802088732,10,2,1,67.79883840237767
2.0,3.0,4.0,4.0,4.0,4.0,4.0,3.0,71.0,33.0,0.0,0.0,0.0,1.0,0.0,1.0,2.4483142457854457,8,2,5,65.85422385414054
2.0,2.0,2.0,2.0,3.0,3.0,3.0,3.0,79.0,33.0,0.0,0.0,0.0,1.0,0.0,1.0,1.8283233477342271,6,7,1,58.07084895010454
2.0,3.0,4.0,4.0,2.0,2.0,2.0,2.0,64.0,38.0,0.0,1.0,0.0,0.0,1.0,0.0,2.8261789310410412,4,2,2,57.43628085515178
2.0,2.0,4.0,4.0,2.0,2.0,2.0,2.0,83.0,40.0,1.0,1.0,0.0,0.0,1.0,0.0,3.4002681606715353,6,6,2,66.12855388551576
2.0,3.0,4.0,4.0,3.0,3.0,3.0,3.0,63.0,40.0,1.0,0.0,1.0,0.0,0.0,1.0,2.7791099888271966,8,6,0,68.2672244358694
3.0,3.0,4.0,4.0,4.0,3.0,3.0,3.0,46.0,32.0,0.0,0.0,1.0,0.0,0.0,1.0,2.8237396544475883,11,6,0,80.6554942230308
2.0,3.0,4.0,4.0,4.0,4.0,3.0,3.0,99.0,28.0,0.0,0.0,0.0,1.0,0.0,1.0,2.243503123996724,12,14,1,71.83792717147796
2.0,3.0,4.0,4.0,3.0,3.0,3.0,3.0,78.0,40.0,0.0,1.0,0.0,0.0,1.0,0.0,3.4002681606715353,5,6,1,68.05738472525871
2.0,2.0,4.0,4.0,2.0,3.0,3.0,3.0,64.0,38.0,0.0,1.0,0.0,0.0,1.0,0.0,4.810934773965268,7,6,0,74.24244307721295
2.0,2.0,4.0,4.0,3.0,3.0,3.0,3.0,70.0,38.0,0.0,1.0,0.0,0.0,1.0,0.0,3.9678334083983664,7,4,2,63.94774805190179
3.0,4.0,4.0,5.0,4.0,4.0,4.0,4.0,97.0,32.0,0.0,0.0,0.0,1.0,0.0,1.0,3.411754398293985,6,6,4,79.619475072652
4.0,4.0,3.0,3.0,3.0,3.0,3.0,3.0,76.0,39.0,0.0,1.0,0.0,0.0,1.0,0.0,2.1319780909505783,9,6,3,65.60700324995217
3.0,3.0,5.0,5.0,4.0,4.0,4.0,4.0,81.0,32.0,0.0,0.0,0.0,1.0,0.0,1.0,2.4483142457854457,4,5,1,66.25873864505621
2.0,3.0,4.0,4.0,4.0,4.0,3.0,3.0,97.0,31.0,0.0,0.0,1.0,0.0,0.0,1.0,4.839458770895119,7,7,1,81.12843375389916
2.0,3.0,5.0,5.0,3.0,3.0,3.0,3.0,79.0,34.0,0.0,1.0,0.0,0.0,1.0,0.0,2.3067698539339285,2,2,2,71.3923275005082
